{
  "id": 262082,
  "status": { "id": 4 },
  "geometrie": {
    "methode": 3,
    "lineString": [
      { "x": 152513.100364991, "y": 221816.379099928 },
      { "x": 152530.547789,    "y": 221829.257819936 }
    ]
  },
  "begin": {
    "datum": "1/01/1830 0:00:00",
    "tijd": "2/10/2014 20:20:25",
    "bewerking": { "id": 3 },
    "organisatie": { "id": 1 }
  }
}
