{
  "id": 262091,
  "status": { "id": 4 },
  "geometrie": {
    "methode": 3,
    "lineString": [
      { "x": 152568.343629025, "y": 221856.429915953 },
      { "x": 152578.389069036, "y": 221863.327963959 },
      { "x": 152600.382413052, "y": 221878.430555969 },
      { "x": 152610.938957058, "y": 221885.679579973 }
    ]
  },
  "begin": {
    "datum": "1/01/1830 0:00:00",
    "tijd": "2/10/2014 20:20:25",
    "bewerking": { "id": 3 },
    "organisatie": { "id": 1 }
  }
}
