{
  "id": 262130,
  "status": { "id": 4 },
  "geometrie": {
    "methode": 3,
    "lineString": [
      { "x": 152530.547789,    "y": 221829.257819936 },
      { "x": 152541.493197009, "y": 221837.126619942 },
      { "x": 152556.669645019, "y": 221848.037339948 },
      { "x": 152568.343629025, "y": 221856.429915953 }
    ]
  },
  "begin": {
    "datum": "1/01/1830 0:00:00",
    "tijd": "2/10/2014 20:20:25",
    "bewerking": { "id": 3 },
    "organisatie": { "id": 1 }
  }
}
