{"data":[{"id":262063,"status":{"id":4},"geometrie":{"methode":3,"lineString":[{"x":152476.365516968,"y":221855.695707954},{"x":152458.112844951,"y":221885.860187974}]},"begin":{"datum":"1/01/1830 0:00:00","tijd":"2/10/2014 20:20:25","bewerking":{"id":3},"organisatie":{"id":1}}}]}