{"data":[{"id":262111,"status":{"id":4},"geometrie":{"methode":3,"lineString":[{"x":152531.769421004,"y":222009.47810806},{"x":152524.150732994,"y":222021.324636068},{"x":152443.144140944,"y":222147.283804156}]},"begin":{"datum":"1/01/1830 0:00:00","tijd":"2/10/2014 20:20:25","bewerking":{"id":3},"organisatie":{"id":1}}}]}