{"data":[{"id":261989,"status":{"id":4},"geometrie":{"methode":3,"lineString":[{"x":152338.234060869,"y":221731.531483866},{"x":152354.40481288,"y":221739.030107874},{"x":152403.445964918,"y":221761.771227889}]},"begin":{"datum":"1/01/1830 0:00:00","tijd":"2/10/2014 20:20:25","bewerking":{"id":3},"organisatie":{"id":1}}}]}